{
    "1": 57.04809286898839,
    "2": 47.461139896373055,
    "3": 29.765886287625417,
    "10": 5.555555555555555,
    "14": 14.285714285714286,
    "6": 3.1746031746031744,
    "4": 31.055900621118013,
    "0": 32.87128712871287,
    "7": 17.391304347826086,
    "5": 18.91891891891892,
    "9": 0.0,
    "11": 0.0,
    "13": 20.0,
    "19": 0.0,
    "15": 16.666666666666668,
    "8": 9.67741935483871,
    "23": 0.0,
    "17": 0.0,
    "12": 0.0,
    "20": 0.0,
    "16": 0.0,
    "37": 0.0,
    "32": 33.333333333333336,
    "31": 0.0,
    "30": 100.0,
    "28": 100.0,
    "29": 100.0,
    "26": 0.0,
    "25": 0.0,
    "22": 0.0,
    "21": 0.0,
    "18": 0.0
}
