{
    "1": 64.51077943615257,
    "2": 53.26424870466321,
    "3": 40.13377926421405,
    "10": 11.11111111111111,
    "14": 14.285714285714286,
    "0": 36.633663366336634,
    "4": 29.19254658385093,
    "7": 8.695652173913043,
    "5": 14.864864864864865,
    "6": 6.349206349206349,
    "19": 0.0,
    "15": 16.666666666666668,
    "8": 16.129032258064516,
    "30": 100.0,
    "28": 100.0,
    "9": 0.0,
    "11": 0.0,
    "13": 0.0,
    "23": 0.0,
    "17": 0.0,
    "12": 0.0,
    "20": 0.0,
    "16": 0.0,
    "37": 0.0,
    "32": 0.0,
    "31": 0.0,
    "29": 0.0,
    "26": 0.0,
    "25": 0.0,
    "22": 0.0,
    "21": 0.0,
    "18": 0.0
}
