{
    "1": 95.70685169124025,
    "20": 90.74626865671642,
    "24": 86.46616541353383,
    "5": 83.63157894736842,
    "3": 89.07120743034056,
    "11": 81.27490039840637,
    "2": 92.5447166691718,
    "4": 88.62056348335163,
    "28": 83.10810810810811,
    "23": 86.84210526315789,
    "13": 86.91588785046729,
    "7": 84.72103004291846,
    "12": 82.32758620689656,
    "10": 83.71584699453553,
    "16": 88.59649122807018,
    "17": 89.45868945868946,
    "15": 86.0,
    "39": 82.17821782178218,
    "37": 88.88888888888889,
    "8": 85.52995391705069,
    "14": 87.27634194831013,
    "9": 85.1183765501691,
    "18": 92.26932668329177,
    "21": 87.64044943820225,
    "33": 86.58536585365853,
    "36": 79.41176470588235,
    "34": 83.09859154929578,
    "25": 90.99526066350711,
    "6": 83.21451717433571,
    "35": 89.43661971830986,
    "40": 78.18181818181819,
    "31": 84.12698412698413,
    "19": 90.13157894736842,
    "26": 88.55932203389831,
    "22": 86.18181818181819,
    "30": 84.44444444444444,
    "32": 78.3132530120482,
    "29": 83.89261744966443,
    "27": 83.15217391304348,
    "38": 77.35849056603773,
    "0": 0.0
}