{
    "1": 1.3504002416553391,
    "24": 4.726086956521739,
    "11": 3.627450980392157,
    "2": 2.222023712847166,
    "3": 2.5801181786583247,
    "4": 2.8331268071045024,
    "28": 5.073770491803279,
    "23": 4.365482233502538,
    "13": 3.7419354838709675,
    "7": 3.188449848024316,
    "12": 3.7713787085514836,
    "10": 3.4725848563968666,
    "5": 2.906230333543109,
    "16": 4.542079207920792,
    "17": 4.171428571428572,
    "15": 4.241860465116279,
    "39": 5.554216867469879,
    "37": 5.352380952380952,
    "8": 3.386853448275862,
    "14": 3.85876993166287,
    "9": 3.380132450331126,
    "18": 4.452574525745257,
    "33": 6.24113475177305,
    "36": 5.7,
    "34": 6.066115702479339,
    "20": 4.3256578947368425,
    "25": 5.229166666666667,
    "38": 5.819277108433735,
    "35": 5.149606299212598,
    "40": 6.511627906976744,
    "6": 3.1542056074766354,
    "31": 5.5754716981132075,
    "21": 4.243589743589744,
    "19": 4.616788321167883,
    "26": 5.0663507109004735,
    "22": 4.415966386554622,
    "30": 5.440789473684211,
    "32": 5.2153846153846155,
    "29": 5.24,
    "27": 4.947712418300654
}